rank;alpha;lambda;model_ids;residual_deviance
1;[0.06];2,00923300256505e-04;Grid_GLM_auto_train_cooked_sid_9f7c_1_model_R_1617903761656_82_model_194;35507,2699361382
2;[0.08];1,51991108295293e-04;Grid_GLM_auto_train_cooked_sid_9f7c_1_model_R_1617903761656_82_model_114;35507,4694654463
3;[0.0];4,64158883361278e-04;Grid_GLM_auto_train_cooked_sid_9f7c_1_model_R_1617903761656_82_model_119;35507,6688076188
4;[0.0];5,33669923120631e-04;Grid_GLM_auto_train_cooked_sid_9f7c_1_model_R_1617903761656_82_model_81;35507,6784775187
5;[0.08];2,15443469003188e-04;Grid_GLM_auto_train_cooked_sid_9f7c_1_model_R_1617903761656_82_model_204;35507,7201084335
6;[0.0];4,32876128108306e-04;Grid_GLM_auto_train_cooked_sid_9f7c_1_model_R_1617903761656_82_model_258;35507,7584473659
7;[0.0];5,72236765935022e-04;Grid_GLM_auto_train_cooked_sid_9f7c_1_model_R_1617903761656_82_model_32;35507,7872757080
8;[0.1];1,74752840000768e-04;Grid_GLM_auto_train_cooked_sid_9f7c_1_model_R_1617903761656_82_model_133;35507,8425274506
9;[0.0];4,03701725859655e-04;Grid_GLM_auto_train_cooked_sid_9f7c_1_model_R_1617903761656_82_model_84;35507,9049984656
10;[0.06];2,65608778294669e-04;Grid_GLM_auto_train_cooked_sid_9f7c_1_model_R_1617903761656_82_model_52;35507,9238559467
11;[0.1];1,23284673944207e-04;Grid_GLM_auto_train_cooked_sid_9f7c_1_model_R_1617903761656_82_model_261;35507,9531020017
12;[0.0];6,57933224657568e-04;Grid_GLM_auto_train_cooked_sid_9f7c_1_model_R_1617903761656_82_model_335;35508,2376482153
13;[0.08];1,87381742286038e-04;Grid_GLM_auto_train_cooked_sid_9f7c_1_model_R_1617903761656_82_model_279;35508,2524791711
14;[0.1];1,87381742286038e-04;Grid_GLM_auto_train_cooked_sid_9f7c_1_model_R_1617903761656_82_model_169;35508,2932568192
15;[0.04];2,65608778294669e-04;Grid_GLM_auto_train_cooked_sid_9f7c_1_model_R_1617903761656_82_model_341;35508,2991855303
16;[0.0];3,51119173421513e-04;Grid_GLM_auto_train_cooked_sid_9f7c_1_model_R_1617903761656_82_model_191;35508,3515205748
17;[0.06];2,31012970008316e-04;Grid_GLM_auto_train_cooked_sid_9f7c_1_model_R_1617903761656_82_model_117;35508,4134727587
18;[0.06];2,84803586843580e-04;Grid_GLM_auto_train_cooked_sid_9f7c_1_model_R_1617903761656_82_model_179;35508,4590852949
19;[0.08];1,74752840000768e-04;Grid_GLM_auto_train_cooked_sid_9f7c_1_model_R_1617903761656_82_model_334;35508,4637861539
20;[0.08];1,32194114846603e-04;Grid_GLM_auto_train_cooked_sid_9f7c_1_model_R_1617903761656_82_model_342;35508,6560339297
21;[0.1];1,51991108295293e-04;Grid_GLM_auto_train_cooked_sid_9f7c_1_model_R_1617903761656_82_model_5;35508,7410244940
22;[0.1];2,00923300256505e-04;Grid_GLM_auto_train_cooked_sid_9f7c_1_model_R_1617903761656_82_model_348;35508,7931946161
23;[0.06];1,74752840000768e-04;Grid_GLM_auto_train_cooked_sid_9f7c_1_model_R_1617903761656_82_model_247;35509,0302993889
24;[0.0];7,56463327554629e-04;Grid_GLM_auto_train_cooked_sid_9f7c_1_model_R_1617903761656_82_model_107;35509,0331744081
25;[0.04];2,31012970008316e-04;Grid_GLM_auto_train_cooked_sid_9f7c_1_model_R_1617903761656_82_model_97;35509,0677517235
26;[0.04];2,15443469003188e-04;Grid_GLM_auto_train_cooked_sid_9f7c_1_model_R_1617903761656_82_model_259;35509,0922249435
27;[0.08];1,62975083462065e-04;Grid_GLM_auto_train_cooked_sid_9f7c_1_model_R_1617903761656_82_model_41;35509,1731117543
28;[0.1];1,07226722201032e-04;Grid_GLM_auto_train_cooked_sid_9f7c_1_model_R_1617903761656_82_model_138;35509,1809786714
29;[0.04];2,47707635599171e-04;Grid_GLM_auto_train_cooked_sid_9f7c_1_model_R_1617903761656_82_model_78;35509,2603695979
30;[0.04];1,87381742286038e-04;Grid_GLM_auto_train_cooked_sid_9f7c_1_model_R_1617903761656_82_model_210;35509,3310772730
31;[0.0];2,84803586843580e-04;Grid_GLM_auto_train_cooked_sid_9f7c_1_model_R_1617903761656_82_model_161;35509,3437123617
32;[0.04];3,27454916287773e-04;Grid_GLM_auto_train_cooked_sid_9f7c_1_model_R_1617903761656_82_model_233;35509,3557538355
33;[0.0];8,11130830789687e-04;Grid_GLM_auto_train_cooked_sid_9f7c_1_model_R_1617903761656_82_model_10;35509,5738822385
34;[0.0];2,65608778294669e-04;Grid_GLM_auto_train_cooked_sid_9f7c_1_model_R_1617903761656_82_model_55;35509,7450807645
35;[0.02];4,03701725859655e-04;Grid_GLM_auto_train_cooked_sid_9f7c_1_model_R_1617903761656_82_model_69;35509,7778352171
36;[0.06];1,32194114846603e-04;Grid_GLM_auto_train_cooked_sid_9f7c_1_model_R_1617903761656_82_model_201;35509,7789058229
37;[0.02];4,32876128108306e-04;Grid_GLM_auto_train_cooked_sid_9f7c_1_model_R_1617903761656_82_model_200;35509,7810275924
38;[0.06];1,51991108295293e-04;Grid_GLM_auto_train_cooked_sid_9f7c_1_model_R_1617903761656_82_model_9;35509,8729888904
39;[0.02];3,27454916287773e-04;Grid_GLM_auto_train_cooked_sid_9f7c_1_model_R_1617903761656_82_model_80;35509,9083002846
40;[0.02];3,51119173421513e-04;Grid_GLM_auto_train_cooked_sid_9f7c_1_model_R_1617903761656_82_model_66;35510,0541544006
41;[0.02];5,33669923120631e-04;Grid_GLM_auto_train_cooked_sid_9f7c_1_model_R_1617903761656_82_model_110;35510,0996692663
42;[0.0];2,47707635599171e-04;Grid_GLM_auto_train_cooked_sid_9f7c_1_model_R_1617903761656_82_model_243;35510,1757635790
43;[0.08];1,23284673944207e-04;Grid_GLM_auto_train_cooked_sid_9f7c_1_model_R_1617903761656_82_model_292;35510,2244718305
44;[0.04];3,76493580679247e-04;Grid_GLM_auto_train_cooked_sid_9f7c_1_model_R_1617903761656_82_model_287;35510,3014498637
45;[0.02];4,64158883361278e-04;Grid_GLM_auto_train_cooked_sid_9f7c_1_model_R_1617903761656_82_model_328;35510,3322572693
46;[0.06];3,51119173421513e-04;Grid_GLM_auto_train_cooked_sid_9f7c_1_model_R_1617903761656_82_model_299;35510,5015294826
47;[0.08];1,00000000000000e-04;Grid_GLM_auto_train_cooked_sid_9f7c_1_model_R_1617903761656_82_model_112;35510,6084501809
48;[0.04];1,74752840000768e-04;Grid_GLM_auto_train_cooked_sid_9f7c_1_model_R_1617903761656_82_model_122;35510,7696809362
49;[0.0];9,32603346883220e-04;Grid_GLM_auto_train_cooked_sid_9f7c_1_model_R_1617903761656_82_model_286;35510,9690614337
50;[0.02];4,97702356433211e-04;Grid_GLM_auto_train_cooked_sid_9f7c_1_model_R_1617903761656_82_model_45;35510,9944456525
51;[0.1];1,00000000000000e-04;Grid_GLM_auto_train_cooked_sid_9f7c_1_model_R_1617903761656_82_model_188;35511,0328238438
52;[0.0];2,15443469003188e-04;Grid_GLM_auto_train_cooked_sid_9f7c_1_model_R_1617903761656_82_model_230;35511,1115577859
53;[0.1];8,69749002617783e-05;Grid_GLM_auto_train_cooked_sid_9f7c_1_model_R_1617903761656_82_model_27;35511,2379022154
54;[0.1];8,11130830789687e-05;Grid_GLM_auto_train_cooked_sid_9f7c_1_model_R_1617903761656_82_model_329;35511,2625261410
55;[0.02];2,84803586843580e-04;Grid_GLM_auto_train_cooked_sid_9f7c_1_model_R_1617903761656_82_model_70;35511,8207314202
56;[0.0];1,00000000000000e-03;Grid_GLM_auto_train_cooked_sid_9f7c_1_model_R_1617903761656_82_model_159;35511,8348606158
57;[0.02];2,65608778294669e-04;Grid_GLM_auto_train_cooked_sid_9f7c_1_model_R_1617903761656_82_model_22;35511,9661558092
58;[0.06];1,23284673944207e-04;Grid_GLM_auto_train_cooked_sid_9f7c_1_model_R_1617903761656_82_model_127;35512,0139340596
59;[0.04];4,64158883361278e-04;Grid_GLM_auto_train_cooked_sid_9f7c_1_model_R_1617903761656_82_model_90;35512,0803228066
60;[0.02];2,47707635599171e-04;Grid_GLM_auto_train_cooked_sid_9f7c_1_model_R_1617903761656_82_model_352;35512,3021734024
61;[0.02];3,05385550883342e-04;Grid_GLM_auto_train_cooked_sid_9f7c_1_model_R_1617903761656_82_model_262;35512,5225434876
62;[0.1];2,31012970008316e-04;Grid_GLM_auto_train_cooked_sid_9f7c_1_model_R_1617903761656_82_model_149;35512,5610333744
63;[0.06];1,07226722201032e-04;Grid_GLM_auto_train_cooked_sid_9f7c_1_model_R_1617903761656_82_model_322;35512,8253394109
64;[0.02];2,15443469003188e-04;Grid_GLM_auto_train_cooked_sid_9f7c_1_model_R_1617903761656_82_model_231;35512,8308598773
65;[0.04];4,97702356433211e-04;Grid_GLM_auto_train_cooked_sid_9f7c_1_model_R_1617903761656_82_model_229;35513,1826935897
66;[0.08];8,69749002617783e-05;Grid_GLM_auto_train_cooked_sid_9f7c_1_model_R_1617903761656_82_model_26;35513,2809611588
67;[0.02];1,87381742286038e-04;Grid_GLM_auto_train_cooked_sid_9f7c_1_model_R_1617903761656_82_model_336;35513,6362317437
68;[0.02];6,57933224657568e-04;Grid_GLM_auto_train_cooked_sid_9f7c_1_model_R_1617903761656_82_model_148;35513,7067093919
69;[0.02];1,74752840000768e-04;Grid_GLM_auto_train_cooked_sid_9f7c_1_model_R_1617903761656_82_model_270;35514,0367253653
70;[0.02];7,05480231071865e-04;Grid_GLM_auto_train_cooked_sid_9f7c_1_model_R_1617903761656_82_model_284;35514,1959556607
71;[0.1];7,05480231071865e-05;Grid_GLM_auto_train_cooked_sid_9f7c_1_model_R_1617903761656_82_model_226;35514,2309561546
72;[0.02];1,62975083462065e-04;Grid_GLM_auto_train_cooked_sid_9f7c_1_model_R_1617903761656_82_model_140;35514,4326310020
73;[0.1];6,57933224657568e-05;Grid_GLM_auto_train_cooked_sid_9f7c_1_model_R_1617903761656_82_model_44;35514,5081086517
74;[0.08];8,11130830789687e-05;Grid_GLM_auto_train_cooked_sid_9f7c_1_model_R_1617903761656_82_model_240;35514,5284567679
75;[0.04];1,41747416292680e-04;Grid_GLM_auto_train_cooked_sid_9f7c_1_model_R_1617903761656_82_model_314;35514,5404212111
76;[0.1];2,47707635599171e-04;Grid_GLM_auto_train_cooked_sid_9f7c_1_model_R_1617903761656_82_model_146;35514,8201558424
77;[0.04];1,32194114846603e-04;Grid_GLM_auto_train_cooked_sid_9f7c_1_model_R_1617903761656_82_model_189;35514,9818417767
78;[0.1];2,65608778294669e-04;Grid_GLM_auto_train_cooked_sid_9f7c_1_model_R_1617903761656_82_model_42;35515,0149587943
79;[0.08];3,05385550883342e-04;Grid_GLM_auto_train_cooked_sid_9f7c_1_model_R_1617903761656_82_model_180;35515,2275734230
80;[0.02];1,41747416292680e-04;Grid_GLM_auto_train_cooked_sid_9f7c_1_model_R_1617903761656_82_model_315;35515,3729733023
81;[0.0];1,23284673944207e-04;Grid_GLM_auto_train_cooked_sid_9f7c_1_model_R_1617903761656_82_model_297;35515,4080689368
82;[0.04];1,23284673944207e-04;Grid_GLM_auto_train_cooked_sid_9f7c_1_model_R_1617903761656_82_model_85;35515,5925263738
83;[0.08];3,27454916287773e-04;Grid_GLM_auto_train_cooked_sid_9f7c_1_model_R_1617903761656_82_model_283;35515,6047733794
84;[0.0];1,14975699539774e-04;Grid_GLM_auto_train_cooked_sid_9f7c_1_model_R_1617903761656_82_model_255;35515,9646582861
85;[0.02];1,32194114846603e-04;Grid_GLM_auto_train_cooked_sid_9f7c_1_model_R_1617903761656_82_model_33;35516,4084455094
86;[0.1];2,84803586843580e-04;Grid_GLM_auto_train_cooked_sid_9f7c_1_model_R_1617903761656_82_model_277;35516,6529424113
87;[0.08];3,51119173421513e-04;Grid_GLM_auto_train_cooked_sid_9f7c_1_model_R_1617903761656_82_model_1;35516,8380075628
88;[0.02];1,23284673944207e-04;Grid_GLM_auto_train_cooked_sid_9f7c_1_model_R_1617903761656_82_model_150;35516,8798214661
89;[0.06];9,32603346883220e-05;Grid_GLM_auto_train_cooked_sid_9f7c_1_model_R_1617903761656_82_model_293;35516,9226014690
90;[0.04];1,07226722201032e-04;Grid_GLM_auto_train_cooked_sid_9f7c_1_model_R_1617903761656_82_model_339;35517,0123550322
91;[0.0];1,00000000000000e-04;Grid_GLM_auto_train_cooked_sid_9f7c_1_model_R_1617903761656_82_model_38;35517,0675826398
92;[0.02];1,14975699539774e-04;Grid_GLM_auto_train_cooked_sid_9f7c_1_model_R_1617903761656_82_model_13;35517,2533931248
93;[0.06];8,69749002617783e-05;Grid_GLM_auto_train_cooked_sid_9f7c_1_model_R_1617903761656_82_model_160;35517,5557589893
94;[0.04];1,00000000000000e-04;Grid_GLM_auto_train_cooked_sid_9f7c_1_model_R_1617903761656_82_model_37;35517,9090659904
95;[0.06];4,32876128108306e-04;Grid_GLM_auto_train_cooked_sid_9f7c_1_model_R_1617903761656_82_model_176;35518,0829255439
96;[0.04];5,72236765935022e-04;Grid_GLM_auto_train_cooked_sid_9f7c_1_model_R_1617903761656_82_model_61;35518,2291140618
97;[0.06];8,11130830789687e-05;Grid_GLM_auto_train_cooked_sid_9f7c_1_model_R_1617903761656_82_model_72;35518,4513058742
98;[0.02];9,32603346883220e-05;Grid_GLM_auto_train_cooked_sid_9f7c_1_model_R_1617903761656_82_model_104;35518,4864190449
99;[0.04];9,32603346883220e-05;Grid_GLM_auto_train_cooked_sid_9f7c_1_model_R_1617903761656_82_model_184;35518,5589415029
100;[0.0];8,11130830789687e-05;Grid_GLM_auto_train_cooked_sid_9f7c_1_model_R_1617903761656_82_model_181;35518,6730390346
101;[0.02];1,00000000000000e-04;Grid_GLM_auto_train_cooked_sid_9f7c_1_model_R_1617903761656_82_model_252;35518,7185685604
102;[0.02];8,69749002617783e-05;Grid_GLM_auto_train_cooked_sid_9f7c_1_model_R_1617903761656_82_model_130;35518,7239120743
103;[0.08];7,05480231071865e-05;Grid_GLM_auto_train_cooked_sid_9f7c_1_model_R_1617903761656_82_model_238;35518,9383676460
104;[0.08];7,56463327554629e-05;Grid_GLM_auto_train_cooked_sid_9f7c_1_model_R_1617903761656_82_model_320;35519,0727043789
105;[0.02];8,11130830789687e-05;Grid_GLM_auto_train_cooked_sid_9f7c_1_model_R_1617903761656_82_model_153;35519,1119052752
106;[0.0];7,56463327554629e-05;Grid_GLM_auto_train_cooked_sid_9f7c_1_model_R_1617903761656_82_model_198;35519,1901477648
107;[0.04];8,69749002617783e-05;Grid_GLM_auto_train_cooked_sid_9f7c_1_model_R_1617903761656_82_model_48;35519,2064995133
108;[0.08];6,57933224657568e-05;Grid_GLM_auto_train_cooked_sid_9f7c_1_model_R_1617903761656_82_model_264;35519,3457286357
109;[0.02];7,56463327554629e-05;Grid_GLM_auto_train_cooked_sid_9f7c_1_model_R_1617903761656_82_model_23;35519,3471691529
110;[0.04];8,11130830789687e-05;Grid_GLM_auto_train_cooked_sid_9f7c_1_model_R_1617903761656_82_model_197;35519,6580922528
111;[0.0];7,05480231071865e-05;Grid_GLM_auto_train_cooked_sid_9f7c_1_model_R_1617903761656_82_model_249;35519,6966746839
112;[0.06];7,05480231071865e-05;Grid_GLM_auto_train_cooked_sid_9f7c_1_model_R_1617903761656_82_model_347;35519,7801890554
113;[0.1];3,05385550883342e-04;Grid_GLM_auto_train_cooked_sid_9f7c_1_model_R_1617903761656_82_model_278;35520,0088306181
114;[0.02];7,05480231071865e-05;Grid_GLM_auto_train_cooked_sid_9f7c_1_model_R_1617903761656_82_model_227;35520,1277728245
115;[0.08];3,76493580679247e-04;Grid_GLM_auto_train_cooked_sid_9f7c_1_model_R_1617903761656_82_model_124;35520,1677366808
116;[0.0];6,57933224657568e-05;Grid_GLM_auto_train_cooked_sid_9f7c_1_model_R_1617903761656_82_model_162;35520,1919565300
117;[0.1];5,72236765935022e-05;Grid_GLM_auto_train_cooked_sid_9f7c_1_model_R_1617903761656_82_model_346;35520,2409641528
118;[0.02];6,57933224657568e-05;Grid_GLM_auto_train_cooked_sid_9f7c_1_model_R_1617903761656_82_model_267;35520,4236420610
119;[0.06];6,57933224657568e-05;Grid_GLM_auto_train_cooked_sid_9f7c_1_model_R_1617903761656_82_model_290;35520,6233401255
120;[0.1];5,33669923120631e-05;Grid_GLM_auto_train_cooked_sid_9f7c_1_model_R_1617903761656_82_model_64;35520,6944606358
121;[0.08];5,72236765935022e-05;Grid_GLM_auto_train_cooked_sid_9f7c_1_model_R_1617903761656_82_model_98;35520,7285320021
122;[0.04];7,05480231071865e-05;Grid_GLM_auto_train_cooked_sid_9f7c_1_model_R_1617903761656_82_model_235;35520,7359856433
123;[0.02];6,13590727341318e-05;Grid_GLM_auto_train_cooked_sid_9f7c_1_model_R_1617903761656_82_model_49;35521,0262521847
124;[0.0];5,72236765935022e-05;Grid_GLM_auto_train_cooked_sid_9f7c_1_model_R_1617903761656_82_model_63;35521,1470449938
125;[0.1];4,97702356433211e-05;Grid_GLM_auto_train_cooked_sid_9f7c_1_model_R_1617903761656_82_model_224;35521,3858624531
126;[0.06];5,72236765935022e-05;Grid_GLM_auto_train_cooked_sid_9f7c_1_model_R_1617903761656_82_model_349;35521,5958676469
127;[0.0];5,33669923120631e-05;Grid_GLM_auto_train_cooked_sid_9f7c_1_model_R_1617903761656_82_model_126;35521,6064349040
128;[0.1];4,64158883361278e-05;Grid_GLM_auto_train_cooked_sid_9f7c_1_model_R_1617903761656_82_model_173;35521,8329893214
129;[0.04];6,13590727341318e-05;Grid_GLM_auto_train_cooked_sid_9f7c_1_model_R_1617903761656_82_model_187;35522,0214603981
130;[0.04];5,72236765935022e-05;Grid_GLM_auto_train_cooked_sid_9f7c_1_model_R_1617903761656_82_model_120;35522,1443508118
131;[0.0];4,64158883361278e-05;Grid_GLM_auto_train_cooked_sid_9f7c_1_model_R_1617903761656_82_model_244;35522,4891971573
132;[0.08];4,64158883361278e-05;Grid_GLM_auto_train_cooked_sid_9f7c_1_model_R_1617903761656_82_model_360;35522,6944642147
133;[0.06];4,97702356433211e-05;Grid_GLM_auto_train_cooked_sid_9f7c_1_model_R_1617903761656_82_model_143;35522,7518262729
134;[0.04];6,57933224657568e-04;Grid_GLM_auto_train_cooked_sid_9f7c_1_model_R_1617903761656_82_model_118;35522,9016747507
135;[0.0];4,32876128108306e-05;Grid_GLM_auto_train_cooked_sid_9f7c_1_model_R_1617903761656_82_model_246;35522,9132015076
136;[0.04];4,97702356433211e-05;Grid_GLM_auto_train_cooked_sid_9f7c_1_model_R_1617903761656_82_model_300;35523,1760734517
137;[0.02];4,97702356433211e-05;Grid_GLM_auto_train_cooked_sid_9f7c_1_model_R_1617903761656_82_model_136;35523,1942671327
138;[0.04];4,64158883361278e-05;Grid_GLM_auto_train_cooked_sid_9f7c_1_model_R_1617903761656_82_model_3;35523,2034123927
139;[0.06];4,97702356433211e-04;Grid_GLM_auto_train_cooked_sid_9f7c_1_model_R_1617903761656_82_model_209;35523,2668461458
140;[0.0];4,03701725859656e-05;Grid_GLM_auto_train_cooked_sid_9f7c_1_model_R_1617903761656_82_model_102;35523,3263153602
141;[0.04];4,32876128108306e-05;Grid_GLM_auto_train_cooked_sid_9f7c_1_model_R_1617903761656_82_model_151;35523,5348458651
142;[0.1];3,76493580679247e-05;Grid_GLM_auto_train_cooked_sid_9f7c_1_model_R_1617903761656_82_model_282;35523,6932142648
143;[0.0];3,76493580679247e-05;Grid_GLM_auto_train_cooked_sid_9f7c_1_model_R_1617903761656_82_model_268;35523,7292521689
144;[0.08];3,76493580679247e-05;Grid_GLM_auto_train_cooked_sid_9f7c_1_model_R_1617903761656_82_model_43;35523,9737625929
145;[0.02];4,32876128108306e-05;Grid_GLM_auto_train_cooked_sid_9f7c_1_model_R_1617903761656_82_model_203;35524,0189499903
146;[0.06];4,32876128108306e-05;Grid_GLM_auto_train_cooked_sid_9f7c_1_model_R_1617903761656_82_model_319;35524,2460683515
147;[0.0];3,27454916287773e-05;Grid_GLM_auto_train_cooked_sid_9f7c_1_model_R_1617903761656_82_model_128;35524,2752880553
148;[0.04];7,05480231071865e-04;Grid_GLM_auto_train_cooked_sid_9f7c_1_model_R_1617903761656_82_model_304;35524,4766820472
149;[0.04];3,76493580679247e-05;Grid_GLM_auto_train_cooked_sid_9f7c_1_model_R_1617903761656_82_model_46;35524,5026858533
150;[0.06];3,76493580679247e-05;Grid_GLM_auto_train_cooked_sid_9f7c_1_model_R_1617903761656_82_model_220;35524,5330411312
151;[0.02];4,03701725859656e-05;Grid_GLM_auto_train_cooked_sid_9f7c_1_model_R_1617903761656_82_model_134;35524,5968697337
152;[0.06];4,03701725859656e-05;Grid_GLM_auto_train_cooked_sid_9f7c_1_model_R_1617903761656_82_model_253;35524,6226116582
153;[0.08];3,51119173421513e-05;Grid_GLM_auto_train_cooked_sid_9f7c_1_model_R_1617903761656_82_model_174;35524,7062864775
154;[0.0];2,84803586843580e-05;Grid_GLM_auto_train_cooked_sid_9f7c_1_model_R_1617903761656_82_model_318;35524,9872399123
155;[0.04];3,51119173421513e-05;Grid_GLM_auto_train_cooked_sid_9f7c_1_model_R_1617903761656_82_model_95;35525,2120947488
156;[0.06];3,27454916287773e-05;Grid_GLM_auto_train_cooked_sid_9f7c_1_model_R_1617903761656_82_model_17;35525,4199085567
157;[0.08];3,27454916287773e-05;Grid_GLM_auto_train_cooked_sid_9f7c_1_model_R_1617903761656_82_model_271;35525,7004680491
158;[0.04];3,27454916287773e-05;Grid_GLM_auto_train_cooked_sid_9f7c_1_model_R_1617903761656_82_model_167;35525,8065369736
159;[0.0];2,15443469003189e-05;Grid_GLM_auto_train_cooked_sid_9f7c_1_model_R_1617903761656_82_model_137;35525,8629818814
160;[0.0];2,00923300256505e-05;Grid_GLM_auto_train_cooked_sid_9f7c_1_model_R_1617903761656_82_model_308;35526,1308713259
161;[0.08];3,05385550883341e-05;Grid_GLM_auto_train_cooked_sid_9f7c_1_model_R_1617903761656_82_model_234;35526,2117016901
162;[0.08];2,84803586843580e-05;Grid_GLM_auto_train_cooked_sid_9f7c_1_model_R_1617903761656_82_model_289;35526,2570972091
163;[0.06];5,33669923120631e-04;Grid_GLM_auto_train_cooked_sid_9f7c_1_model_R_1617903761656_82_model_111;35526,3770126787
164;[0.1];2,65608778294668e-05;Grid_GLM_auto_train_cooked_sid_9f7c_1_model_R_1617903761656_82_model_321;35526,7192045728
165;[0.02];3,05385550883341e-05;Grid_GLM_auto_train_cooked_sid_9f7c_1_model_R_1617903761656_82_model_275;35526,7860115168
166;[0.08];2,65608778294668e-05;Grid_GLM_auto_train_cooked_sid_9f7c_1_model_R_1617903761656_82_model_357;35526,8089448969
167;[0.02];2,84803586843580e-05;Grid_GLM_auto_train_cooked_sid_9f7c_1_model_R_1617903761656_82_model_221;35527,1282641994
168;[0.0];1,51991108295293e-05;Grid_GLM_auto_train_cooked_sid_9f7c_1_model_R_1617903761656_82_model_296;35527,1728725581
169;[0.04];2,65608778294668e-05;Grid_GLM_auto_train_cooked_sid_9f7c_1_model_R_1617903761656_82_model_199;35527,2796469819
170;[0.1];2,47707635599171e-05;Grid_GLM_auto_train_cooked_sid_9f7c_1_model_R_1617903761656_82_model_172;35527,3571602826
171;[0.06];5,72236765935022e-04;Grid_GLM_auto_train_cooked_sid_9f7c_1_model_R_1617903761656_82_model_192;35527,4150911853
172;[0.0];1,41747416292680e-05;Grid_GLM_auto_train_cooked_sid_9f7c_1_model_R_1617903761656_82_model_30;35527,4161463018
173;[0.08];2,31012970008316e-05;Grid_GLM_auto_train_cooked_sid_9f7c_1_model_R_1617903761656_82_model_306;35527,4482489634
174;[0.06];2,47707635599171e-05;Grid_GLM_auto_train_cooked_sid_9f7c_1_model_R_1617903761656_82_model_355;35527,4790241853
175;[0.0];1,32194114846603e-05;Grid_GLM_auto_train_cooked_sid_9f7c_1_model_R_1617903761656_82_model_135;35527,6568193695
176;[0.0];1,23284673944207e-05;Grid_GLM_auto_train_cooked_sid_9f7c_1_model_R_1617903761656_82_model_141;35527,8957432913
177;[0.08];2,15443469003189e-05;Grid_GLM_auto_train_cooked_sid_9f7c_1_model_R_1617903761656_82_model_171;35528,0445615156
178;[0.04];2,47707635599171e-05;Grid_GLM_auto_train_cooked_sid_9f7c_1_model_R_1617903761656_82_model_263;35528,0827740035
179;[0.0];1,07226722201032e-05;Grid_GLM_auto_train_cooked_sid_9f7c_1_model_R_1617903761656_82_model_239;35528,3715271754
180;[0.04];2,31012970008316e-05;Grid_GLM_auto_train_cooked_sid_9f7c_1_model_R_1617903761656_82_model_105;35528,3914350328
181;[0.0];1,00000000000000e-05;Grid_GLM_auto_train_cooked_sid_9f7c_1_model_R_1617903761656_82_model_257;35528,6098359390
182;[0.08];1,62975083462064e-05;Grid_GLM_auto_train_cooked_sid_9f7c_1_model_R_1617903761656_82_model_269;35528,7227696719
183;[0.06];2,15443469003189e-05;Grid_GLM_auto_train_cooked_sid_9f7c_1_model_R_1617903761656_82_model_83;35528,7473092228
184;[0.04];2,00923300256505e-05;Grid_GLM_auto_train_cooked_sid_9f7c_1_model_R_1617903761656_82_model_237;35528,7758135628
185;[0.08];1,87381742286038e-05;Grid_GLM_auto_train_cooked_sid_9f7c_1_model_R_1617903761656_82_model_99;35528,8143857225
186;[0.1];1,74752840000768e-05;Grid_GLM_auto_train_cooked_sid_9f7c_1_model_R_1617903761656_82_model_190;35528,8271415960
187;[0.0];9,32603346883220e-06;Grid_GLM_auto_train_cooked_sid_9f7c_1_model_R_1617903761656_82_model_82;35528,8492741266
188;[0.02];2,15443469003189e-05;Grid_GLM_auto_train_cooked_sid_9f7c_1_model_R_1617903761656_82_model_208;35528,9380308300
189;[0.02];2,00923300256505e-05;Grid_GLM_auto_train_cooked_sid_9f7c_1_model_R_1617903761656_82_model_354;35528,9758789953
190;[0.02];2,31012970008316e-05;Grid_GLM_auto_train_cooked_sid_9f7c_1_model_R_1617903761656_82_model_166;35528,9770346534
191;[0.08];1,74752840000768e-05;Grid_GLM_auto_train_cooked_sid_9f7c_1_model_R_1617903761656_82_model_280;35528,9817520565
192;[0.06];2,00923300256505e-05;Grid_GLM_auto_train_cooked_sid_9f7c_1_model_R_1617903761656_82_model_71;35528,9971237265
193;[0.04];1,87381742286038e-05;Grid_GLM_auto_train_cooked_sid_9f7c_1_model_R_1617903761656_82_model_132;35529,0132655602
194;[0.06];1,62975083462064e-05;Grid_GLM_auto_train_cooked_sid_9f7c_1_model_R_1617903761656_82_model_311;35529,0374662978
195;[0.08];1,51991108295293e-05;Grid_GLM_auto_train_cooked_sid_9f7c_1_model_R_1617903761656_82_model_288;35529,0490741649
196;[0.1];1,62975083462064e-05;Grid_GLM_auto_train_cooked_sid_9f7c_1_model_R_1617903761656_82_model_155;35529,0777471695
197;[0.1];1,41747416292680e-05;Grid_GLM_auto_train_cooked_sid_9f7c_1_model_R_1617903761656_82_model_361;35529,3805355661
198;[0.02];1,87381742286038e-05;Grid_GLM_auto_train_cooked_sid_9f7c_1_model_R_1617903761656_82_model_353;35529,5591472959
199;[0.08];1,41747416292680e-05;Grid_GLM_auto_train_cooked_sid_9f7c_1_model_R_1617903761656_82_model_92;35529,6245995107
200;[0.06];1,51991108295293e-05;Grid_GLM_auto_train_cooked_sid_9f7c_1_model_R_1617903761656_82_model_265;35529,6892728079
201;[0.0];7,05480231071865e-06;Grid_GLM_auto_train_cooked_sid_9f7c_1_model_R_1617903761656_82_model_39;35529,8278573611
202;[0.1];1,32194114846603e-05;Grid_GLM_auto_train_cooked_sid_9f7c_1_model_R_1617903761656_82_model_331;35529,9285539181
203;[0.02];1,74752840000768e-05;Grid_GLM_auto_train_cooked_sid_9f7c_1_model_R_1617903761656_82_model_68;35529,9565906583
204;[0.06];1,41747416292680e-05;Grid_GLM_auto_train_cooked_sid_9f7c_1_model_R_1617903761656_82_model_310;35530,1035129957
205;[0.04];1,41747416292680e-05;Grid_GLM_auto_train_cooked_sid_9f7c_1_model_R_1617903761656_82_model_309;35530,1431689464
206;[0.0];6,57933224657568e-06;Grid_GLM_auto_train_cooked_sid_9f7c_1_model_R_1617903761656_82_model_76;35530,2638936655
207;[0.02];1,62975083462064e-05;Grid_GLM_auto_train_cooked_sid_9f7c_1_model_R_1617903761656_82_model_31;35530,3205439501
208;[0.04];8,11130830789687e-04;Grid_GLM_auto_train_cooked_sid_9f7c_1_model_R_1617903761656_82_model_54;35530,4197993035
209;[0.06];1,32194114846603e-05;Grid_GLM_auto_train_cooked_sid_9f7c_1_model_R_1617903761656_82_model_215;35530,5306418435
210;[0.08];1,23284673944207e-05;Grid_GLM_auto_train_cooked_sid_9f7c_1_model_R_1617903761656_82_model_56;35530,5394728889
211;[0.0];5,72236765935022e-06;Grid_GLM_auto_train_cooked_sid_9f7c_1_model_R_1617903761656_82_model_291;35530,7910428811
212;[0.04];1,32194114846603e-05;Grid_GLM_auto_train_cooked_sid_9f7c_1_model_R_1617903761656_82_model_74;35530,9166751088
213;[0.1];4,32876128108306e-04;Grid_GLM_auto_train_cooked_sid_9f7c_1_model_R_1617903761656_82_model_196;35530,9881751867
214;[0.1];1,07226722201032e-05;Grid_GLM_auto_train_cooked_sid_9f7c_1_model_R_1617903761656_82_model_211;35531,0011888890
215;[0.0];5,33669923120631e-06;Grid_GLM_auto_train_cooked_sid_9f7c_1_model_R_1617903761656_82_model_75;35531,0583807262
216;[0.08];1,14975699539774e-05;Grid_GLM_auto_train_cooked_sid_9f7c_1_model_R_1617903761656_82_model_359;35531,0645800725
217;[0.04];1,23284673944207e-05;Grid_GLM_auto_train_cooked_sid_9f7c_1_model_R_1617903761656_82_model_73;35531,2190794743
218;[0.08];4,97702356433211e-04;Grid_GLM_auto_train_cooked_sid_9f7c_1_model_R_1617903761656_82_model_356;35531,2957666762
219;[0.02];1,32194114846603e-05;Grid_GLM_auto_train_cooked_sid_9f7c_1_model_R_1617903761656_82_model_106;35531,3113493431
220;[0.08];1,07226722201032e-05;Grid_GLM_auto_train_cooked_sid_9f7c_1_model_R_1617903761656_82_model_121;35531,3128824612
221;[0.0];4,32876128108306e-06;Grid_GLM_auto_train_cooked_sid_9f7c_1_model_R_1617903761656_82_model_295;35531,3690519629
222;[0.0];4,64158883361278e-06;Grid_GLM_auto_train_cooked_sid_9f7c_1_model_R_1617903761656_82_model_53;35531,5993769490
223;[0.02];1,23284673944207e-05;Grid_GLM_auto_train_cooked_sid_9f7c_1_model_R_1617903761656_82_model_276;35531,6021728388
224;[0.06];1,07226722201032e-05;Grid_GLM_auto_train_cooked_sid_9f7c_1_model_R_1617903761656_82_model_344;35531,6100260259
225;[0.08];1,00000000000000e-05;Grid_GLM_auto_train_cooked_sid_9f7c_1_model_R_1617903761656_82_model_147;35531,6231089230
226;[0.1];9,32603346883220e-06;Grid_GLM_auto_train_cooked_sid_9f7c_1_model_R_1617903761656_82_model_58;35531,6911264819
227;[0.0];3,76493580679247e-06;Grid_GLM_auto_train_cooked_sid_9f7c_1_model_R_1617903761656_82_model_175;35531,8199908730
228;[0.06];1,00000000000000e-05;Grid_GLM_auto_train_cooked_sid_9f7c_1_model_R_1617903761656_82_model_35;35531,9895690333
229;[0.0];3,51119173421513e-06;Grid_GLM_auto_train_cooked_sid_9f7c_1_model_R_1617903761656_82_model_177;35532,0444551227
230;[0.08];5,33669923120631e-04;Grid_GLM_auto_train_cooked_sid_9f7c_1_model_R_1617903761656_82_model_316;35532,0554491710
231;[0.02];1,07226722201032e-05;Grid_GLM_auto_train_cooked_sid_9f7c_1_model_R_1617903761656_82_model_228;35532,1276607546
232;[0.08];9,32603346883220e-06;Grid_GLM_auto_train_cooked_sid_9f7c_1_model_R_1617903761656_82_model_18;35532,1948503829
233;[0.04];1,07226722201032e-05;Grid_GLM_auto_train_cooked_sid_9f7c_1_model_R_1617903761656_82_model_89;35532,2016032427
234;[0.0];2,15443469003188e-06;Grid_GLM_auto_train_cooked_sid_9f7c_1_model_R_1617903761656_82_model_152;35532,2935864439
235;[0.04];8,69749002617783e-04;Grid_GLM_auto_train_cooked_sid_9f7c_1_model_R_1617903761656_82_model_86;35532,3503410111
236;[0.0];2,47707635599171e-06;Grid_GLM_auto_train_cooked_sid_9f7c_1_model_R_1617903761656_82_model_29;35532,3775959612
237;[0.0];2,00923300256505e-06;Grid_GLM_auto_train_cooked_sid_9f7c_1_model_R_1617903761656_82_model_245;35532,4355424736
238;[0.0];2,84803586843580e-06;Grid_GLM_auto_train_cooked_sid_9f7c_1_model_R_1617903761656_82_model_256;35532,4597143040
239;[0.04];1,00000000000000e-05;Grid_GLM_auto_train_cooked_sid_9f7c_1_model_R_1617903761656_82_model_94;35532,4872873115
240;[0.0];1,87381742286038e-06;Grid_GLM_auto_train_cooked_sid_9f7c_1_model_R_1617903761656_82_model_113;35532,5746604873
241;[0.02];1,00000000000000e-05;Grid_GLM_auto_train_cooked_sid_9f7c_1_model_R_1617903761656_82_model_178;35532,5856140078
242;[0.06];8,69749002617783e-06;Grid_GLM_auto_train_cooked_sid_9f7c_1_model_R_1617903761656_82_model_330;35532,6892339167
243;[0.02];9,32603346883220e-06;Grid_GLM_auto_train_cooked_sid_9f7c_1_model_R_1617903761656_82_model_57;35532,7559506315
244;[0.02];8,69749002617783e-06;Grid_GLM_auto_train_cooked_sid_9f7c_1_model_R_1617903761656_82_model_338;35532,7972705847
245;[0.0];1,62975083462064e-06;Grid_GLM_auto_train_cooked_sid_9f7c_1_model_R_1617903761656_82_model_165;35532,8441386582
246;[0.0];1,41747416292680e-06;Grid_GLM_auto_train_cooked_sid_9f7c_1_model_R_1617903761656_82_model_123;35533,0343424658
247;[0.06];8,11130830789687e-06;Grid_GLM_auto_train_cooked_sid_9f7c_1_model_R_1617903761656_82_model_317;35533,1038276181
248;[0.08];7,56463327554629e-06;Grid_GLM_auto_train_cooked_sid_9f7c_1_model_R_1617903761656_82_model_16;35533,1367952279
249;[0.08];7,05480231071865e-06;Grid_GLM_auto_train_cooked_sid_9f7c_1_model_R_1617903761656_82_model_343;35533,2297814768
250;[0.02];8,11130830789687e-06;Grid_GLM_auto_train_cooked_sid_9f7c_1_model_R_1617903761656_82_model_47;35533,2309992822
251;[0.0];1,23284673944207e-06;Grid_GLM_auto_train_cooked_sid_9f7c_1_model_R_1617903761656_82_model_108;35533,2749773310
252;[0.1];7,05480231071865e-06;Grid_GLM_auto_train_cooked_sid_9f7c_1_model_R_1617903761656_82_model_325;35533,3266121235
253;[0.04];8,11130830789687e-06;Grid_GLM_auto_train_cooked_sid_9f7c_1_model_R_1617903761656_82_model_218;35533,3811552554
254;[0.0];1,14975699539774e-06;Grid_GLM_auto_train_cooked_sid_9f7c_1_model_R_1617903761656_82_model_323;35533,3906330422
255;[0.1];6,57933224657568e-06;Grid_GLM_auto_train_cooked_sid_9f7c_1_model_R_1617903761656_82_model_232;35533,6415779371
256;[0.06];7,56463327554629e-06;Grid_GLM_auto_train_cooked_sid_9f7c_1_model_R_1617903761656_82_model_241;35533,7104444224
257;[0.04];7,56463327554629e-06;Grid_GLM_auto_train_cooked_sid_9f7c_1_model_R_1617903761656_82_model_193;35533,7106720928
258;[0.1];6,13590727341318e-06;Grid_GLM_auto_train_cooked_sid_9f7c_1_model_R_1617903761656_82_model_219;35533,7536639497
259;[0.06];7,05480231071865e-06;Grid_GLM_auto_train_cooked_sid_9f7c_1_model_R_1617903761656_82_model_168;35533,7951616449
260;[0.1];4,64158883361278e-04;Grid_GLM_auto_train_cooked_sid_9f7c_1_model_R_1617903761656_82_model_251;35533,7993071853
261;[0.1];5,72236765935022e-06;Grid_GLM_auto_train_cooked_sid_9f7c_1_model_R_1617903761656_82_model_313;35533,8360457165
262;[0.04];7,05480231071865e-06;Grid_GLM_auto_train_cooked_sid_9f7c_1_model_R_1617903761656_82_model_100;35533,8569779461
263;[0.02];7,05480231071865e-06;Grid_GLM_auto_train_cooked_sid_9f7c_1_model_R_1617903761656_82_model_51;35533,9327369424
264;[0.08];6,13590727341318e-06;Grid_GLM_auto_train_cooked_sid_9f7c_1_model_R_1617903761656_82_model_207;35534,0511970472
265;[0.06];6,57933224657568e-06;Grid_GLM_auto_train_cooked_sid_9f7c_1_model_R_1617903761656_82_model_65;35534,0705842367
266;[0.04];6,57933224657568e-06;Grid_GLM_auto_train_cooked_sid_9f7c_1_model_R_1617903761656_82_model_154;35534,1064333239
267;[0.02];6,13590727341318e-06;Grid_GLM_auto_train_cooked_sid_9f7c_1_model_R_1617903761656_82_model_125;35534,1438797151
268;[0.04];6,13590727341318e-06;Grid_GLM_auto_train_cooked_sid_9f7c_1_model_R_1617903761656_82_model_332;35534,3135450408
269;[0.02];5,72236765935022e-06;Grid_GLM_auto_train_cooked_sid_9f7c_1_model_R_1617903761656_82_model_340;35534,3221966164
270;[0.06];6,13590727341318e-06;Grid_GLM_auto_train_cooked_sid_9f7c_1_model_R_1617903761656_82_model_274;35534,3841977840
271;[0.04];5,72236765935022e-06;Grid_GLM_auto_train_cooked_sid_9f7c_1_model_R_1617903761656_82_model_11;35534,4254481976
272;[0.06];7,05480231071865e-04;Grid_GLM_auto_train_cooked_sid_9f7c_1_model_R_1617903761656_82_model_115;35534,4442187050
273;[0.08];5,72236765935022e-06;Grid_GLM_auto_train_cooked_sid_9f7c_1_model_R_1617903761656_82_model_88;35534,5709682396
274;[0.08];6,13590727341318e-04;Grid_GLM_auto_train_cooked_sid_9f7c_1_model_R_1617903761656_82_model_266;35534,6074844138
275;[0.1];4,97702356433211e-06;Grid_GLM_auto_train_cooked_sid_9f7c_1_model_R_1617903761656_82_model_103;35534,6482876481
276;[0.06];4,97702356433211e-06;Grid_GLM_auto_train_cooked_sid_9f7c_1_model_R_1617903761656_82_model_182;35534,8432299527
277;[0.02];5,33669923120631e-06;Grid_GLM_auto_train_cooked_sid_9f7c_1_model_R_1617903761656_82_model_91;35534,9525203649
278;[0.04];4,97702356433211e-06;Grid_GLM_auto_train_cooked_sid_9f7c_1_model_R_1617903761656_82_model_164;35534,9856929898
279;[0.02];3,76493580679247e-06;Grid_GLM_auto_train_cooked_sid_9f7c_1_model_R_1617903761656_82_model_301;35534,9968117756
280;[0.1];4,64158883361278e-06;Grid_GLM_auto_train_cooked_sid_9f7c_1_model_R_1617903761656_82_model_326;35535,0141007962
281;[0.06];4,64158883361278e-06;Grid_GLM_auto_train_cooked_sid_9f7c_1_model_R_1617903761656_82_model_327;35535,0423120141
282;[0.08];3,76493580679247e-06;Grid_GLM_auto_train_cooked_sid_9f7c_1_model_R_1617903761656_82_model_281;35535,1228654182
283;[0.02];4,64158883361278e-06;Grid_GLM_auto_train_cooked_sid_9f7c_1_model_R_1617903761656_82_model_273;35535,1230651032
284;[0.06];4,32876128108306e-06;Grid_GLM_auto_train_cooked_sid_9f7c_1_model_R_1617903761656_82_model_183;35535,2276020338
285;[0.02];3,51119173421513e-06;Grid_GLM_auto_train_cooked_sid_9f7c_1_model_R_1617903761656_82_model_260;35535,3721877792
286;[0.04];4,64158883361278e-06;Grid_GLM_auto_train_cooked_sid_9f7c_1_model_R_1617903761656_82_model_250;35535,4756723504
287;[0.06];3,76493580679247e-06;Grid_GLM_auto_train_cooked_sid_9f7c_1_model_R_1617903761656_82_model_212;35535,5094265417
288;[0.08];3,51119173421513e-06;Grid_GLM_auto_train_cooked_sid_9f7c_1_model_R_1617903761656_82_model_305;35535,5541978878
289;[0.08];4,03701725859656e-06;Grid_GLM_auto_train_cooked_sid_9f7c_1_model_R_1617903761656_82_model_20;35535,5765295612
290;[0.06];4,03701725859656e-06;Grid_GLM_auto_train_cooked_sid_9f7c_1_model_R_1617903761656_82_model_87;35535,6027612659
291;[0.1];4,03701725859656e-06;Grid_GLM_auto_train_cooked_sid_9f7c_1_model_R_1617903761656_82_model_50;35535,6274048682
292;[0.1];3,27454916287773e-06;Grid_GLM_auto_train_cooked_sid_9f7c_1_model_R_1617903761656_82_model_205;35535,6404295951
293;[0.02];2,84803586843580e-06;Grid_GLM_auto_train_cooked_sid_9f7c_1_model_R_1617903761656_82_model_337;35535,7097063328
294;[0.02];2,15443469003188e-06;Grid_GLM_auto_train_cooked_sid_9f7c_1_model_R_1617903761656_82_model_186;35535,7180274414
295;[0.02];2,47707635599171e-06;Grid_GLM_auto_train_cooked_sid_9f7c_1_model_R_1617903761656_82_model_77;35535,7749308227
296;[0.06];3,51119173421513e-06;Grid_GLM_auto_train_cooked_sid_9f7c_1_model_R_1617903761656_82_model_303;35535,8098552480
297;[0.08];3,27454916287773e-06;Grid_GLM_auto_train_cooked_sid_9f7c_1_model_R_1617903761656_82_model_254;35535,8243804154
298;[0.06];3,27454916287773e-06;Grid_GLM_auto_train_cooked_sid_9f7c_1_model_R_1617903761656_82_model_302;35535,8499720252
299;[0.04];3,27454916287773e-06;Grid_GLM_auto_train_cooked_sid_9f7c_1_model_R_1617903761656_82_model_350;35535,8748560789
300;[0.04];3,76493580679247e-06;Grid_GLM_auto_train_cooked_sid_9f7c_1_model_R_1617903761656_82_model_101;35535,9377609980
301;[0.04];2,47707635599171e-06;Grid_GLM_auto_train_cooked_sid_9f7c_1_model_R_1617903761656_82_model_93;35535,9794459493
302;[0.08];3,05385550883341e-06;Grid_GLM_auto_train_cooked_sid_9f7c_1_model_R_1617903761656_82_model_158;35536,0122945114
303;[0.02];1,87381742286038e-06;Grid_GLM_auto_train_cooked_sid_9f7c_1_model_R_1617903761656_82_model_222;35536,0289943094
304;[0.02];1,74752840000768e-06;Grid_GLM_auto_train_cooked_sid_9f7c_1_model_R_1617903761656_82_model_195;35536,0314449835
305;[0.04];3,51119173421513e-06;Grid_GLM_auto_train_cooked_sid_9f7c_1_model_R_1617903761656_82_model_60;35536,0562074639
306;[0.04];3,05385550883341e-06;Grid_GLM_auto_train_cooked_sid_9f7c_1_model_R_1617903761656_82_model_272;35536,0913729422
307;[0.04];2,31012970008316e-06;Grid_GLM_auto_train_cooked_sid_9f7c_1_model_R_1617903761656_82_model_62;35536,1378707665
308;[0.02];1,32194114846603e-06;Grid_GLM_auto_train_cooked_sid_9f7c_1_model_R_1617903761656_82_model_40;35536,1918277758
309;[0.02];1,41747416292680e-06;Grid_GLM_auto_train_cooked_sid_9f7c_1_model_R_1617903761656_82_model_7;35536,1952929731
310;[0.06];2,15443469003188e-06;Grid_GLM_auto_train_cooked_sid_9f7c_1_model_R_1617903761656_82_model_294;35536,2355857710
311;[0.1];2,31012970008316e-06;Grid_GLM_auto_train_cooked_sid_9f7c_1_model_R_1617903761656_82_model_333;35536,2356983012
312;[0.08];2,65608778294668e-06;Grid_GLM_auto_train_cooked_sid_9f7c_1_model_R_1617903761656_82_model_15;35536,3078076076
313;[0.02];1,07226722201032e-06;Grid_GLM_auto_train_cooked_sid_9f7c_1_model_R_1617903761656_82_model_139;35536,3153573890
314;[0.02];1,14975699539774e-06;Grid_GLM_auto_train_cooked_sid_9f7c_1_model_R_1617903761656_82_model_14;35536,3836343827
315;[0.04];2,00923300256505e-06;Grid_GLM_auto_train_cooked_sid_9f7c_1_model_R_1617903761656_82_model_12;35536,3898845106
316;[0.04];2,15443469003188e-06;Grid_GLM_auto_train_cooked_sid_9f7c_1_model_R_1617903761656_82_model_242;35536,4651823590
317;[0.02];2,00923300256505e-06;Grid_GLM_auto_train_cooked_sid_9f7c_1_model_R_1617903761656_82_model_223;35536,4713626625
318;[0.06];2,00923300256505e-06;Grid_GLM_auto_train_cooked_sid_9f7c_1_model_R_1617903761656_82_model_285;35536,5375425980
319;[0.04];1,87381742286038e-06;Grid_GLM_auto_train_cooked_sid_9f7c_1_model_R_1617903761656_82_model_109;35536,5591117603
320;[0.08];2,47707635599171e-06;Grid_GLM_auto_train_cooked_sid_9f7c_1_model_R_1617903761656_82_model_24;35536,5822875845
321;[0.04];1,62975083462064e-06;Grid_GLM_auto_train_cooked_sid_9f7c_1_model_R_1617903761656_82_model_214;35536,5828177406
322;[0.06];1,87381742286038e-06;Grid_GLM_auto_train_cooked_sid_9f7c_1_model_R_1617903761656_82_model_248;35536,5927970259
323;[0.06];8,11130830789687e-04;Grid_GLM_auto_train_cooked_sid_9f7c_1_model_R_1617903761656_82_model_202;35536,6683072647
324;[0.1];1,62975083462064e-06;Grid_GLM_auto_train_cooked_sid_9f7c_1_model_R_1617903761656_82_model_6;35536,6703263226
325;[0.06];1,74752840000768e-06;Grid_GLM_auto_train_cooked_sid_9f7c_1_model_R_1617903761656_82_model_19;35536,6778954300
326;[0.08];1,41747416292680e-06;Grid_GLM_auto_train_cooked_sid_9f7c_1_model_R_1617903761656_82_model_79;35536,6917317946
327;[0.08];1,87381742286038e-06;Grid_GLM_auto_train_cooked_sid_9f7c_1_model_R_1617903761656_82_model_129;35536,6972356246
328;[0.08];1,62975083462064e-06;Grid_GLM_auto_train_cooked_sid_9f7c_1_model_R_1617903761656_82_model_67;35536,7276512561
329;[0.04];1,07226722201032e-06;Grid_GLM_auto_train_cooked_sid_9f7c_1_model_R_1617903761656_82_model_345;35536,7435355453
330;[0.08];1,74752840000768e-06;Grid_GLM_auto_train_cooked_sid_9f7c_1_model_R_1617903761656_82_model_4;35536,7840027000
331;[0.08];1,51991108295293e-06;Grid_GLM_auto_train_cooked_sid_9f7c_1_model_R_1617903761656_82_model_362;35536,7931029543
332;[0.1];1,51991108295293e-06;Grid_GLM_auto_train_cooked_sid_9f7c_1_model_R_1617903761656_82_model_206;35536,7939222102
333;[0.02];1,00000000000000e-06;Grid_GLM_auto_train_cooked_sid_9f7c_1_model_R_1617903761656_82_model_131;35536,8145822400
334;[0.04];1,51991108295293e-06;Grid_GLM_auto_train_cooked_sid_9f7c_1_model_R_1617903761656_82_model_36;35536,8332155508
335;[0.04];1,41747416292680e-06;Grid_GLM_auto_train_cooked_sid_9f7c_1_model_R_1617903761656_82_model_21;35536,8394175064
336;[0.06];2,65608778294668e-06;Grid_GLM_auto_train_cooked_sid_9f7c_1_model_R_1617903761656_82_model_156;35536,8421684762
337;[0.04];1,32194114846603e-06;Grid_GLM_auto_train_cooked_sid_9f7c_1_model_R_1617903761656_82_model_96;35536,8798840093
338;[0.04];1,00000000000000e-06;Grid_GLM_auto_train_cooked_sid_9f7c_1_model_R_1617903761656_82_model_2;35536,8807743410
339;[0.06];1,14975699539774e-06;Grid_GLM_auto_train_cooked_sid_9f7c_1_model_R_1617903761656_82_model_8;35536,9335058450
340;[0.08];6,57933224657568e-04;Grid_GLM_auto_train_cooked_sid_9f7c_1_model_R_1617903761656_82_model_144;35536,9841287257
341;[0.04];1,14975699539774e-06;Grid_GLM_auto_train_cooked_sid_9f7c_1_model_R_1617903761656_82_model_351;35536,9954562706
342;[0.08];1,14975699539774e-06;Grid_GLM_auto_train_cooked_sid_9f7c_1_model_R_1617903761656_82_model_324;35537,1332338849
343;[0.1];1,87381742286038e-06;Grid_GLM_auto_train_cooked_sid_9f7c_1_model_R_1617903761656_82_model_298;35537,1556870415
344;[0.06];1,00000000000000e-06;Grid_GLM_auto_train_cooked_sid_9f7c_1_model_R_1617903761656_82_model_157;35537,1815007978
345;[0.08];1,23284673944207e-06;Grid_GLM_auto_train_cooked_sid_9f7c_1_model_R_1617903761656_82_model_236;35537,1879630016
346;[0.1];1,14975699539774e-06;Grid_GLM_auto_train_cooked_sid_9f7c_1_model_R_1617903761656_82_model_217;35537,2324998340
347;[0.08];1,07226722201032e-06;Grid_GLM_auto_train_cooked_sid_9f7c_1_model_R_1617903761656_82_model_358;35537,2661734992
348;[0.1];1,00000000000000e-06;Grid_GLM_auto_train_cooked_sid_9f7c_1_model_R_1617903761656_82_model_185;35537,4132684024
349;[0.04];1,00000000000000e-03;Grid_GLM_auto_train_cooked_sid_9f7c_1_model_R_1617903761656_82_model_28;35538,1614353974
350;[0.06];8,69749002617783e-04;Grid_GLM_auto_train_cooked_sid_9f7c_1_model_R_1617903761656_82_model_312;35540,2827815590
351;[0.1];5,72236765935022e-04;Grid_GLM_auto_train_cooked_sid_9f7c_1_model_R_1617903761656_82_model_25;35541,5974219461
352;[0.1];6,13590727341318e-04;Grid_GLM_auto_train_cooked_sid_9f7c_1_model_R_1617903761656_82_model_59;35543,6525702100
353;[0.08];7,56463327554629e-04;Grid_GLM_auto_train_cooked_sid_9f7c_1_model_R_1617903761656_82_model_163;35544,0576918485
354;[0.1];6,57933224657568e-04;Grid_GLM_auto_train_cooked_sid_9f7c_1_model_R_1617903761656_82_model_142;35545,3900625067
355;[0.1];7,05480231071865e-04;Grid_GLM_auto_train_cooked_sid_9f7c_1_model_R_1617903761656_82_model_34;35546,6288068865
356;[0.08];8,11130830789687e-04;Grid_GLM_auto_train_cooked_sid_9f7c_1_model_R_1617903761656_82_model_225;35547,7648649790
357;[0.06];1,00000000000000e-03;Grid_GLM_auto_train_cooked_sid_9f7c_1_model_R_1617903761656_82_model_116;35548,4942028898
358;[0.1];7,56463327554629e-04;Grid_GLM_auto_train_cooked_sid_9f7c_1_model_R_1617903761656_82_model_213;35551,8398153718
359;[0.08];9,32603346883220e-04;Grid_GLM_auto_train_cooked_sid_9f7c_1_model_R_1617903761656_82_model_170;35553,4687194693
360;[0.08];1,00000000000000e-03;Grid_GLM_auto_train_cooked_sid_9f7c_1_model_R_1617903761656_82_model_145;35555,7766518778
361;[0.1];9,32603346883220e-04;Grid_GLM_auto_train_cooked_sid_9f7c_1_model_R_1617903761656_82_model_216;35559,1655948805
362;[0.1];1,00000000000000e-03;Grid_GLM_auto_train_cooked_sid_9f7c_1_model_R_1617903761656_82_model_307;35561,8725141781
363;[0.02];3,76493580679247e-04;Grid_GLM_auto_train_cooked_sid_9f7c_1_model_R_1617903761656_82_model_363;35590,8557760743
